{
	"sample_pattern":"https://www.hahwul.com/images/ologo.png",
	"amazonaws_url": "s3\\.amazonaws.com[/]+|[a-zA-Z0-9_-]*\\.s3\\.amazonaws.com",
	"slack_webhook": "https://hooks.slack.com/services/T[a-zA-Z0-9_]{8}/B[a-zA-Z0-9_]{8}/[a-zA-Z0-9_]{24}",
	"slack_token": "(xox[p|b|o|a]-[0-9]{12}-[0-9]{12}-[0-9]{12}-[a-z0-9]{32})",
	"facebook_oauth": "[f|F][a|A][c|C][e|E][b|B][o|O][o|O][k|K].{0,30}['\"\\s][0-9a-f]{32}['\"\\s]",
	"twitter_oauth": "[t|T][w|W][i|I][t|T][t|T][e|E][r|R].{0,30}['\"\\s][0-9a-zA-Z]{35,44}['\"\\s]",
	"heroku_api": "[h|H][e|E][r|R][o|O][k|K][u|U].{0,30}[0-9A-F]{8}-[0-9A-F]{4}-[0-9A-F]{4}-[0-9A-F]{4}-[0-9A-F]{12}",
	"mailgun_api": "key-[0-9a-zA-Z]{32}",
	"mailchamp_api": "[0-9a-f]{32}-us[0-9]{1,2}",
	"picatic_api": "sk_live_[0-9a-z]{32}",
	"google_oauth_id": "[0-9(+-[0-9A-Za-z_]{32}.apps.qooqleusercontent.com",
	"google_api": "AIza[0-9A-Za-z-_]{35}",
	"google_captcha": "6L[0-9A-Za-z-_]{38}",
	"google_oauth": "ya29\\.[0-9A-Za-z\\-_]+",
	"amazon_aws_access_key_id": "AKIA[0-9A-Z]{16}",
	"amazon_mws_auth_token": "amzn\\.mws\\.[0-9a-f]{8}-[0-9a-f]{4}-[0-9a-f]{4}-[0-9a-f]{4}-[0-9a-f]{12}",
	"amazonaws_url": "s3\\.amazonaws.com[/]+|[a-zA-Z0-9_-]*\\.s3\\.amazonaws.com",
	"facebook_access_token": "EAACEdEose0cBA[0-9A-Za-z]+",
	"authorization_basic": "basic [a-zA-Z0-9_\\-:\\.]+",
	"authorization_beare": "bearer [a-zA-Z0-9_\\-\\.]+",
	"authorization_api": "api[key|\\s*]+[a-zA-Z0-9_\\-]+",
	"mailgun_api_key": "key-[0-9a-zA-Z]{32}",
	"twilio_api_key": "SK[0-9a-fA-F]{32}",
	"twilio_account_sid": "AC[a-zA-Z0-9_\\-]{32}",
	"twilio_app_sid": "AP[a-zA-Z0-9_\\-]{32}",
	"paypal_braintree_access_token": "access_token\\$production\\$[0-9a-z]{16}\\$[0-9a-f]{32}",
	"square_oauth_secret": "sq0csp-[ 0-9A-Za-z\\-_]{43}",
	"square_access_token": "sqOatp-[0-9A-Za-z\\-_]{22}",
	"stripe_standard_api": "sk_live_[0-9a-zA-Z]{24}",
	"stripe_restricted_api": "rk_live_[0-9a-zA-Z]{24}",
	"github_access_token": "[a-zA-Z0-9_-]*:[a-zA-Z0-9_\\-]+@github\\.com*",
	"private_ssh_key": "-----BEGIN PRIVATE KEY-----[a-zA-Z0-9\\S]{100,}-----END PRIVATE KEY-----",
	"private_rsa_key": "-----BEGIN RSA PRIVATE KEY-----[a-zA-Z0-9\\S]{100,}-----END RSA PRIVATE KEY-----",
	"aliyun_oss_url": "[a-zA-Z0-9_-]*\\.oss.aliyuncs.com",
	"azure_storage": "[a-zA-Z0-9_-]*\\.file.core.windows.net",
	"access_key": "[Aa](ccess|CCESS)_?[Kk](ey|EY)|[Aa](ccess|CCESS)_?[sS](ecret|ECRET)|[Aa](ccess|CCESS)_?(id|ID|Id)",
	"secret_key": "[Ss](ecret|ECRET)_?[Kk](ey|EY)"
}
